angle,correction,derived,rot√°t-ion,x_pos,y_pos,p,i,d,bat,time
-0.054138219999999994, -0.7938886721977795, 0.0005370319175156588, 0.030769659379441663, 0.002071962534259655, 0.03222191040454124, -1.0188945525533, -0.02971775778280458, 0.254723638138325, 7.774875, 0.03827238082885742
-0.05684862699999999, -2.2725714643352757, 0.0027189784332922423, 0.15578560491595145, 0.0023132406496849667, 0.1631381029716709, -2.551610782991417, -0.10413973895338757, 0.3831790576095293, 7.7565, 0.05426430702209473
-0.084632698, -4.518523695484849, 0.005572353642126352, 0.31926904112124144, 0.0027117761289296087, 0.3343360278135177, -4.8468208694548975, -0.24550534764582205, 0.57380252161587, 7.764375, 0.0702366828918457
-0.12405395799999999, -7.364659760934053, 0.008862294700140303, 0.5077587902272201, 0.003307068271776261, 0.5317168018293944, -7.581752978726641, -0.46663980952534906, 0.6837330273179361, 7.76475, 0.08628225326538086
-0.17940425999999998, -10.010525725953144, 0.011146335480942973, 0.6386115337696401, -0.01226022619192525, 0.6687385878411406, -9.81618952523568, -0.7529453373447231, 0.5586091366272599, 7.773375000000001, 0.10222125053405762
-0.225504019, -13.049627080315108, 0.014438090025094526, 0.8271841480226164, -0.027428050290359732, 0.8661951233680564, -12.632258004271398, -1.1213861958026388, 0.7040171197589292, 7.773375000000001, 0.11817812919616699
-0.247751167, -16.12861281246977, 0.017796188990101394, 1.0195388988394951, -0.026385784545154136, 1.0676022956494409, -15.207480790073943, -1.5649377188464624, 0.6438056964506362, 7.738875, 0.13433432579040527
-0.28708690800000003, -19.705930056463018, 0.02175911999703497, 1.2465090428126278, -0.02096462009795568, 1.305238247793445, -18.403151409751533, -2.101696301630882, 0.7989176549193977, 7.743375, 0.15035676956176758
-0.3724792090000001, -24.142454140852227, 0.02605944246237049, 1.4927582227415466, -0.019069312290945845, 1.5630359132389093, -22.38284918089856, -2.7545294027404235, 0.9949244427867563, 7.76025, 0.1662297248840332
-0.4040418190000001, -28.67528644029095, 0.030897961710072332, 1.7697597577193462, -0.008721183094219709, 1.8529934020024426, -26.085618920632154, -3.5153599545921943, 0.9256924349333988, 7.758, 0.18230390548706055
-0.4040418190000001, -33.09725093678386, 0.036009832934307186, 2.0623203469929012, -0.014358007733060753, 2.1591905097127806, -29.596345991914816, -4.378586712689709, 0.8776817678206656, 7.7467500000000005, 0.19824576377868652
-0.4100510050000001, -37.809696848092464, 0.04145998816378779, 2.3741226460613967, -0.01174530387349735, 2.4854640369081755, -33.41008381273676, -5.353047490561199, 0.9534344552054863, 7.717125, 0.21435952186584473
-0.40195113400000004, -42.75761205831404, 0.04725009993427947, 2.705219306060819, -0.00499222159572108, 2.8318466078258573, -37.28604528072982, -6.440557144582486, 0.9689903669982662, 7.73925, 0.23030591011047363
-0.3573174330000001, -47.6014803228442, 0.0532473022894121, 3.0479672577036645, 0.0015766696686931767, 3.1903186229816365, -40.86341628844397, -7.632406786328768, 0.8943427519285367, 7.762125, 0.24631619453430176
-0.2863663070000001, -52.44666007278904, 0.05965611093562082, 3.4139972453368204, -0.00021324713813429931, 3.573014388880573, -44.404362628041845, -8.927534029646655, 0.8852365848994683, 7.7718750000000005, 0.2622954845428467
-0.15725578600000015, -57.09618391635555, 0.06654595391875424, 3.807189051400901, -0.014848659259286856, 3.9839457983764994, -47.57333804881082, -10.31508972273697, 0.7922438551922424, 7.759125, 0.2782251834869385
0.015842975999999852, -61.08266313346436, 0.07297069234985266, 4.1735155854678805, -0.026713482053886187, 4.366631426552379, -49.892071313614565, -11.770275136050728, 0.5796833162009372, 7.7482500000000005, 0.29430627822875977
0.19172364999999986, -65.15111600010168, 0.07987653035826058, 4.566891889106665, -0.08010518832336776, 4.777375604288583, -52.50201886927998, -13.30158401973806, 0.6524868889163526, 7.7505, 0.31034183502197266
0.4970444679999998, -68.4865119723533, 0.08740738637971082, 4.995378503860453, -0.07957554080513912, 5.224523344634998, -53.98000843032544, -14.876000932289218, 0.3694973902613654, 7.765125, 0.3262932300567627
0.8293380819999997, -71.37001280602391, 0.0950237774157018, 5.428162655920141, -0.06961058091664318, 5.675859094210076, -55.1858948870417, -16.485589533161267, 0.3014716141790643, 7.77525, 0.3423318862915039
1.2878478949999999, -73.26404293324943, 0.10307273240888162, 5.884851069152699, -0.04767134824873099, 6.151772102668649, -55.16403808983239, -18.094540644114712, -0.005464199302325667, 7.746, 0.3582324981689453
1.673282966, -75.31222263527445, 0.11071632176721631, 6.317846866395897, -0.06448812322619323, 6.6026346756742695, -55.734766804750755, -19.720138009253276, 0.14268217872959088, 7.7115, 0.3743598461151123
2.181101613, -76.5370038993367, 0.1186681832909622, 6.767537355127884, -0.057721897516734066, 7.070481293876778, -55.03722890553461, -21.325390518998034, -0.17438447480403596, 7.738125, 0.39035487174987793
2.6964009119999996, -77.56429720511598, 0.1270329253658697, 7.2396735814902975, -0.08444729457878619, 7.561210681941851, -54.519272033883574, -22.915535953319637, -0.12948921791275936, 7.75125, 0.40629005432128906
3.158328518, -79.22773169738133, 0.13561922233961798, 7.723288703624685, -0.12382818883282676, 8.063338433178258, -54.779522227496216, -24.513272018288276, 0.06506254840316039, 7.763625, 0.4221985340118408
3.7649857509999998, -79.92727809186728, 0.1445819097495579, 8.226924308936358, -0.16178937456345008, 8.58564188694294, -53.5432626952363, -26.074950513566, -0.3090648830649787, 7.7535, 0.4383354187011719
4.370696796, -80.40901625542344, 0.15391809398155665, 8.750188781887525, -0.20678778617073684, 9.127598562455358, -52.5539038306503, -27.607772708626637, -0.24733971614649963, 7.742625, 0.4542064666748047
4.888341816, -81.73467734979569, 0.1632568701450104, 9.272130980011388, -0.2767498420422007, 9.667427358475901, -52.60546996813666, -29.142098916030623, 0.012891534371590296, 7.772625000000001, 0.47029948234558105
5.585468553999999, -81.49076354384395, 0.17232907041177145, 9.777692846596702, -0.35973892576670896, 10.189550051568592, -50.30669151116044, -30.60937741843947, -0.5746946142440574, 7.7295, 0.48629093170166016
6.331805549999999, -80.4314437983768, 0.18200612874960437, 10.315270095684193, -0.40455988205710053, 10.743865641367746, -47.80157454821033, -32.00359000942894, -0.6262792407375253, 7.766625, 0.5023200511932373
6.983785507999999, -80.08028633337126, 0.1916206450085364, 10.847561196437404, -0.5036701766820891, 11.291798763815653, -46.36530826124886, -33.35591150038203, -0.3590665717403674, 7.779, 0.5182468891143799
7.747949309999998, -79.01692562406394, 0.20148582244057298, 11.391766107686596, -0.5467488515783129, 11.850987900498144, -43.72580157223918, -34.631247379572336, -0.6598766722524223, 7.744125, 0.5343201160430908
8.461914770999996, -78.26521873460285, 0.21181807134781952, 11.9595105958097, -0.6572949052390825, 12.433224483343858, -41.971149897716444, -35.855405918255734, -0.4386629186306825, 7.756125, 0.5502090454101562
9.158390472999995, -77.97941102701441, 0.22245301750363763, 12.541408401805295, -0.7854159916609404, 13.028708347151827, -40.5962151456636, -37.03946219333759, -0.34373368801321114, 7.759875, 0.5662276744842529
9.998268096999997, -76.60954686380141, 0.23353357460538804, 13.144902416149508, -0.9098614884287674, 13.644872271388275, -37.75961182979413, -38.14078420503992, -0.7091508289673669, 7.76325, 0.5823614597320557
10.688304511999998, -76.37202505667074, 0.24502389041236178, 13.767591987313612, -1.0248986719283193, 14.279047208544206, -36.95144970376336, -39.21853482139968, -0.2020405315076932, 7.759125, 0.598330020904541
11.554870741999999, -75.03169281165664, 0.2567033091498818, 14.397148342461616, -1.1550681444344522, 14.91850078114147, -34.10733120553941, -40.21333198156125, -0.7110296245559873, 7.76175, 0.6142055988311768
12.373504361999995, -73.41804183385902, 0.2681895745639081, 15.012849501135067, -1.320188308681467, 15.542139780741614, -31.672141669620864, -41.13710278025852, -0.6087973839796366, 7.7595, 0.6301963329315186
13.072834773999993, -73.41896310393084, 0.28068419361648034, 15.678591448467063, -1.488103156481834, 16.214443056043827, -31.269080093604842, -42.049117616322, -0.10076539400400542, 7.7655, 0.6462326049804688
14.060841916999996, -71.10043826633233, 0.2930242368756766, 16.331863374391347, -1.664659645323439, 16.872025990426078, -27.25225748869621, -42.84397512640897, -1.0042056512271582, 7.77975, 0.6623120307922363
15.042939638999995, -68.0258608277195, 0.30587419366304663, 17.007519460298013, -1.8587142479030578, 17.549832420608947, -23.574957855576223, -43.53157806386328, -0.9193249082799966, 7.776, 0.6783633232116699
15.859594950999995, -66.45153122185882, 0.3187672923788287, 17.68058037282903, -2.070161399148304, 18.222609107033335, -21.851825061948432, -44.16892296150344, -0.4307831984069477, 7.776, 0.6943192481994629
16.841801862999993, -63.98483515043832, 0.3322075597527074, 18.37687736283398, -2.2962366007759227, 18.91596462088093, -18.42090599800784, -44.706199386445334, -0.8577297659851482, 7.7718750000000005, 0.710336446762085
17.841024593999993, -58.85279609591541, 0.34162582320958296, 18.86149199613562, -2.3934717998526605, 19.396889352151938, -12.245608825627514, -45.06336297719281, -1.5438242930950814, 7.781625, 0.7262318134307861
17.841024593999993, -59.694358272833156, 0.34585918413993044, 19.07841422921213, -2.540666040431141, 19.611712385626927, -14.848675622545628, -45.49644934951706, 0.6507666992295285, 7.781625, 0.7270348072052002
18.761894995999995, -59.28544063672358, 0.36080367399514507, 19.839630010071666, -2.7952625244403886, 20.36331732477439, -12.932820168860047, -45.87365660444214, -0.4789638634213951, 7.773375000000001, 0.7422957420349121
19.804443409999994, -56.64782284568278, 0.3760936845018803, 20.610963324334286, -3.0803118486491385, 21.12124519864904, -9.6782389720115, -46.15593857445914, -0.813645299212137, 7.7655, 0.7584097385406494
20.676911306999997, -55.386675212799446, 0.39200402693235215, 21.405379424148386, -3.3726548771223968, 21.897851898948684, -8.741617405780659, -46.41090241546108, -0.23415539155771015, 7.765875, 0.7742793560028076
21.696664295, -53.542582752767146, 0.40861533467260075, 22.225677769423626, -3.6891750276507764, 22.69534131137123, -6.348161693083497, -46.596057131509355, -0.5983639281742903, 7.768125, 0.7903144359588623
22.673808795999996, -51.51863028301954, 0.4251042332841488, 23.030550264260885, -4.0109572669347076, 23.473313315713316, -4.28089761913067, -46.72091664540066, -0.5168160184882069, 7.768125, 0.8063290119171143
23.492274579999997, -50.99037447882738, 0.44177073290743535, 23.83443858306353, -4.345900280304723, 24.24571051071938, -4.105968036762405, -46.840674046472905, -0.0437323955920661, 7.78125, 0.8223178386688232
24.398440746, -50.32031425148534, 0.4591201656849064, 24.660809536996986, -4.702981875027744, 25.03473324777793, -3.148425491963849, -46.93250312332185, -0.23938563619963915, 7.777875, 0.8382546901702881
25.170456871, -50.522984291820336, 0.47633903376057585, 25.470283052337702, -5.06746880006164, 25.802574319351002, -3.5979141760524413, -47.03744228679004, 0.11237217102214814, 7.77525, 0.8542728424072266
26.006685857, -50.28976546240774, 0.49332611644144403, 26.25832699407001, -5.4379289884457265, 26.545141870194843, -3.0196936448401175, -47.12551668476454, -0.14455513280308097, 7.768875, 0.8702957630157471
26.873596614000004, -49.81336794602193, 0.5112926549671964, 27.080326865341966, -5.7913686302902585, 27.314352963055853, -2.480763016103552, -47.19787227273423, -0.1347326571841414, 7.78125, 0.8862476348876953
26.873596614000004, -49.751181021019136, 0.511293102689489, 27.08034720162129, -5.835941769669644, 27.31437192444668, -2.4810070514554354, -47.270234978401675, 6.100883797088841e-05, 7.78125, 0.8869943618774414
27.623220401000008, -50.08846356321562, 0.5285412269370885, 27.85829813596793, -6.227043750543056, 28.03718729808779, -2.8209328196150807, -47.35251218564045, 0.08498144203991131, 7.779, 0.9022834300994873
28.413886633000008, -50.20305415957871, 0.5461991925838829, 28.64333142113204, -6.640913214470672, 28.76134310449364, -2.7533374575843794, -47.43281786148666, -0.016898840507675317, 7.778625, 0.9183247089385986
29.175795845000007, -50.55722210816461, 0.5643069238699567, 29.436338078399135, -7.059298611963987, 29.487371717959753, -3.1265068007895422, -47.524007643176354, 0.0932923358012907, 7.767, 0.9342648983001709
29.815085179000008, -52.240058769639994, 0.5828525375393706, 30.235879235285168, -7.454228851566952, 30.213663970438457, -5.049528675421925, -47.671285562876164, 0.4807554686580957, 7.767375, 0.9502668380737305
29.815085179000008, -52.86826372846723, 0.5828529666027721, 30.235897585067985, -7.493255026977733, 30.21368057215363, -5.0497488728157265, -47.81856990499995, 5.5049348450353364e-05, 7.767375, 0.9510116577148438
30.589580855000005, -53.028949608626945, 0.6011414486797909, 31.011820693013167, -7.877732579195319, 30.91289436872683, -5.066878056157947, -47.96635384830456, 0.004282295835555061, 7.76775, 0.966266393661499
31.239296027, -54.4753100198799, 0.6200253761776203, 31.79996304919635, -8.285350522204071, 31.61731484341865, -6.72800426635618, -48.16258730607328, 0.41528155254955834, 7.7696250000000004, 0.9822349548339844
32.065965581, -54.989359112856164, 0.6399253440674397, 32.61620844091378, -8.709072087752538, 32.34054512168296, -6.602914318965361, -48.3551723070431, -0.031272486847704783, 7.7625, 0.9983563423156738
32.804272387, -55.6135791749307, 0.6594792840160366, 33.40402407557179, -9.130208989687201, 33.032362374317806, -7.197020262861514, -48.56508539804322, 0.14852648597403828, 7.756125, 1.0143544673919678
33.626225735999995, -55.48563528203752, 0.6789350578635865, 34.17395780212608, -9.570195368906466, 33.70244360448308, -6.572784793513051, -48.756791621187354, -0.15605886733711571, 7.713375, 1.030214548110962
34.31490681, -56.56614573972615, 0.6995415907082649, 34.97438894049845, -10.045274290856295, 34.39261321793545, -7.913785565981442, -48.98761036686181, 0.3352501931170977, 7.776, 1.0463323593139648
35.176206858, -56.72405068344528, 0.721011443707852, 35.79203508528215, -10.551170133776164, 35.090695207289485, -7.389938727385811, -49.20315024641056, -0.13096170964890774, 7.765125, 1.0621743202209473
36.00046802599999, -56.72458247353214, 0.7428634406839253, 36.607307335655086, -11.05580425413022, 35.779635546181964, -7.282071715861122, -49.415544004789844, -0.02696675288117234, 7.774125, 1.078329086303711
36.728760009999995, -57.90433413074823, 0.7657183724039986, 37.44194420219177, -11.57554890746471, 36.477434376413356, -8.558210306301305, -49.66515847205697, 0.31903464761004585, 7.781625, 1.0942270755767822
37.59951299799999, -57.98730835382971, 0.7886408001770573, 38.26075335149704, -12.096017767693878, 37.15447966672738, -7.934884241964596, -49.89659259578094, -0.15583151608417722, 7.765875, 1.1101961135864258
38.46130722399999, -57.657356730275325, 0.8120745562250286, 39.0791727934121, -12.62661090818216, 37.8236202191313, -7.4143868329453255, -50.11284554507518, -0.13012435225481767, 7.774875, 1.1263501644134521
39.20472142899999, -58.569642717387666, 0.8364544416217541, 39.91094607756428, -13.179139000734478, 38.49577098008953, -8.474695782771533, -50.360024172072684, 0.265077237456552, 7.767375, 1.1423492431640625
40.126980073, -58.11091932125618, 0.8610275271405579, 40.72935667230381, -13.728958104604551, 39.14920583730497, -7.2285191916457165, -50.57085598182901, -0.31154414778145423, 7.759875, 1.158217191696167
40.985836281, -57.59636036842423, 0.8860937205869601, 41.54395121027099, -14.234778166312307, 39.79166232865402, -6.6973791512519085, -50.76619620707387, -0.132785010098452, 7.762125, 1.1743550300598145
40.985836281, -57.65920370443564, 0.8860946806910663, 41.54398202533677, -14.291552993421508, 39.7916864806366, -6.697748932041236, -50.961547217591736, 9.244519733186962e-05, 7.762125, 1.1751108169555664
41.683285072, -59.10560871731979, 0.9123328010384723, 42.375223496247884, -14.866944839845784, 40.43897958886018, -8.303261090974644, -51.2037256660785, 0.40137803973335195, 7.7625, 1.1903517246246338
42.477960173, -59.887704322417996, 0.9385606269750933, 43.18471561509581, -15.45202537245572, 41.06115718997808, -8.481065305149741, -51.45109007081203, 0.04445105354377432, 7.7565, 1.206310749053955
43.327834091999996, -59.79723916888819, 0.965476433625997, 43.993703907164566, -16.051964186230876, 41.674759186657504, -7.990437781974833, -51.68414450611963, -0.12265688079372694, 7.776375, 1.2221968173980713
44.07795669699999, -60.71339877630248, 0.9940835662686671, 44.830004271833054, -16.656698930405422, 42.300341796174614, -9.024570897996767, -51.9473611573112, 0.2585332790054835, 7.767375, 1.238206386566162
44.92905105899999, -60.80511216625637, 1.0224187846633075, 45.63510542097282, -17.265010154354368, 42.894073971086875, -8.472652343673985, -52.19448018400169, -0.1379796385806955, 7.767, 1.2543690204620361
45.72735105899998, 59.134874172777025, 0.9844716966202198, 33.59392673357782, -17.90686439447558, 43.45333610609729, 145.60109190506594, -47.947781670103936, -38.51843606218498, 7.77675, 1.270313024520874
46.36862210499998, 92.77667421695482, 0.9562492208342357, 35.21095548352487, -18.532812943775177, 44.03438051971961, 133.8919994577013, -44.042598352587646, 2.92727311184116, 7.781625, 1.2862448692321777
47.150779597999986, 86.00056504312113, 0.9281238616506499, 36.82241986203384, -19.183504632880616, 44.60050634357773, 123.94031683159375, -40.427672444999494, 2.4879206565268888, 7.734, 1.302351951599121
47.945109202999994, 80.10887446958867, 0.9011586597951798, 38.36741212207061, -19.83359186486595, 45.16083358616001, 114.9323649711526, -37.07547846667421, 2.2519879651102883, 7.758375, 1.3183341026306152
48.625239849, 73.97120507688072, 0.8757774715148624, 39.821647089559704, -20.469851735138885, 45.7061199933695, 105.64311311328359, -33.994221000870105, 2.322312964467251, 7.75425, 1.33439302444458
49.389205587999996, 68.06053104635544, 0.8499938285174131, 41.298941013785594, -21.14125859049325, 46.272176479049435, 97.08317489057282, -31.162628399895066, 2.1399845556776924, 7.754625, 1.3503215312957764
49.94161441099999, 61.08764801152449, 0.8260454591787852, 42.67108150310947, -21.78825417409264, 46.817135023003495, 87.24639489468623, -28.617941882133387, 2.459194998971647, 7.746, 1.3663370609283447
50.15426679499999, 50.5470229925993, 0.8024986037624277, 44.02021693927153, -22.44704648012779, 47.373113398715915, 73.60859826874156, -26.471024432628425, 3.4094491564861684, 7.755, 1.382343053817749
50.12710230399999, 37.05841011009336, 0.7801507487433745, 45.30065471303353, -23.093658379119013, 47.956199371939746, 57.917371091597516, -24.781767775790165, 3.9228067942860108, 7.735875, 1.398315191268921
49.79626230599999, 20.404944747180167, 0.7590078838621475, 46.5120516375432, -23.72506677189672, 48.53827509420639, 39.41052802148144, -23.632294041830292, 4.626710767529019, 7.705125, 1.4143414497375488
49.183606682999994, 0.07583161278989792, 0.7382439798357479, 47.7017357044706, -24.364214512927127, 49.12320112328208, 17.78245174235272, -23.113639199345002, 5.40701906978218, 7.73925, 1.4303302764892578
48.449187822, -22.65101918878561, 0.7177635766431725, 48.87517637013142, -25.013548252713093, 49.72663120405486, -5.111862577577057, -23.262735191191, 5.723578579982444, 7.7482500000000005, 1.4463422298431396
47.754517863000004, -45.086815782307355, 0.6989700991677503, 49.95196331184729, -25.626259613964045, 50.32216293262336, -26.369345386167396, -24.031841098287543, 5.314370702147585, 7.7490000000000006, 1.4623169898986816
47.215716681, -58.84101117084766, 0.694055312235814, 50.233559860253294, -25.789192901379952, 50.52265202785468, -36.214118151039486, -25.088086211026198, 2.4611931912180225, 7.73925, 1.4783375263214111
47.215716681, -69.31154669086274, 0.6810762277832503, 50.97720662132906, -26.22491238771771, 50.92659952658824, -45.13787928394868, -26.404607690141365, 2.230940283227298, 7.73925, 1.479109525680542
46.71060928500001, -85.79450568456977, 0.6657458098854087, 51.8555748650472, -26.749835255738063, 51.545053918398324, -61.7395869605663, -28.20534564315788, 4.150426919154405, 7.752375, 1.4942431449890137
46.71060928500001, -92.67468321608138, 0.6640116569765099, 51.954934507757436, -26.809919695845323, 51.54507947828859, -62.9319026730891, -30.040859471122978, 0.2980789281306997, 7.752375, 1.4950015544891357
46.53751392700001, -105.31388626799637, 0.6474223141990405, 52.90543383380227, -27.39201981156338, 52.12546030247422, -76.41503888162708, -32.26963143850377, 3.3707840521344963, 7.756875, 1.5102519989013672
46.52036161800002, -120.30837253148528, 0.6301845163528393, 53.893086898489294, -28.011035847513767, 52.70791182573726, -88.47270336587133, -34.85008528667502, 3.0144161210610605, 7.753125, 1.5262784957885742
46.772004662000015, -132.82251457693567, 0.6128765723561209, 54.88475904155005, -28.647267699201702, 53.30144612922273, -97.3530525546004, -37.68954931951753, 2.2200872971822676, 7.7471250000000005, 1.5424082279205322
47.12380959700001, -137.2818428087456, 0.6078568317455925, 55.17236899278375, -28.834569435147404, 53.47564962189941, -96.58271274940489, -40.50654510804184, -0.1925849512988762, 7.75125, 1.5583887100219727
47.12380959700001, -146.12588252056165, 0.5962468849954624, 55.83756994193783, -29.272590030233026, 53.88303889217478, -104.56512413925381, -43.55636122877007, 1.99560284746223, 7.751625, 1.5591740608215332
47.81747351000001, -153.5703635530579, 0.579661927096711, 56.787818032938446, -29.910047267309707, 54.44536327507746, -107.6441342752612, -46.695981811798525, 0.7697525340018458, 7.7505, 1.5742480754852295
48.60055636500002, -159.05371442602006, 0.5630564680204915, 57.739240754883035, -30.562227689584937, 55.02131328067084, -109.66421267859621, -49.894521348257584, 0.5050196008337551, 7.7490000000000006, 1.590303659439087
49.662231894000016, -161.43711674364408, 0.5469910214190624, 58.65972304113771, -31.206558295224326, 55.56942017760067, -107.96989376565233, -53.04364324975578, -0.42357972823597123, 7.742625, 1.6062636375427246
50.75070049600002, -162.5469259138685, 0.5310096883958013, 59.57538597436362, -31.860618602040823, 56.09951978190148, -105.89622574036318, -56.13228316718303, -0.5184170063222879, 7.73625, 1.6223888397216797
51.79154344400003, -163.6626267258394, 0.5155586535263321, 60.46066506149367, -32.50544714775613, 56.60890352940257, -104.02945940992373, -59.16647573330581, -0.46669158260986165, 7.7325, 1.638340711593628
52.59393099200003, -166.64731519840274, 0.5007756007782191, 61.30767159227982, -33.13390128137541, 57.08019768841998, -104.56488720335742, -62.21628494340373, 0.13385694835842088, 7.73475, 1.654273271560669
53.50549691500004, -169.00075731758741, 0.4864155219888769, 62.13044350038446, -33.7551530782879, 57.52057041427631, -103.49935902461306, -65.23501624828828, -0.2663820446860896, 7.732125, 1.6702027320861816
54.36866327500003, -171.46222336526586, 0.47189340774140126, 62.962499356371616, -34.39421144691885, 57.94968916958947, -103.12603297645902, -68.24285887676832, -0.09333151203851031, 7.7231250000000005, 1.686281442642212
55.08720035700003, -175.0552688694751, 0.4580859753008448, 63.75360696112752, -35.011868602489166, 58.36681424756596, -103.99687924952985, -71.27610118821295, 0.21771156826770977, 7.7235000000000005, 1.702394723892212
55.88443119400003, -178.65715917018144, 0.44351659250943737, 64.5883711051857, -35.674195478511145, 58.79685508337898, -104.44727893422805, -74.32248015712793, 0.11259992117454942, 7.726875000000001, 1.718303918838501
56.71684280000003, -181.77257587658934, 0.42906958513897725, 65.41612365410745, -36.34163868050158, 59.226172951437206, -104.39137024928905, -77.36722845606553, -0.013977171234749619, 7.727625, 1.7342195510864258
57.388906233000036, -186.1683109490777, 0.41479193871209896, 66.23417253574762, -37.01163667463787, 59.63650231515639, -106.14319563297099, -80.46307166202718, 0.43795634592048316, 7.726125000000001, 1.7503361701965332
58.23538781400003, -189.16491119550818, 0.40102081775809345, 67.02319964557631, -37.667560888807095, 60.03866398271082, -105.45374197891542, -83.53880580307887, -0.17236341351389228, 7.72725, 1.766219139099121
59.09416262000003, -191.11155440632896, 0.38781825704857514, 67.77965065299695, -38.30525760264555, 60.4164459973844, -104.22585639596306, -86.5787266146278, -0.3069713957380884, 7.7238750000000005, 1.7824156284332275
59.87833054300003, -193.0992997289851, 0.37552298929138844, 68.48411760346704, -38.906841106841654, 60.75218210095542, -103.2694447256041, -89.59075208579125, -0.23910291758974012, 7.721625, 1.7983319759368896
60.56883948900003, -195.9716917975889, 0.36328565867534773, 69.1852650002724, -39.512885040986966, 61.0716482526057, -103.39710613526842, -92.60650101473658, 0.031915352416078235, 7.726500000000001, 1.8142237663269043
61.45300713700002, -197.1262250202461, 0.35138785845740156, 69.86695873825055, -40.10900083272057, 61.39201581199395, -100.96741921500629, -95.55138407517427, -0.607421730065532, 7.719, 1.8303310871124268
62.33305303800002, -197.58972910557554, 0.3395262052603995, 70.54658140448662, -40.70996686356941, 61.70318978267332, -98.5623403978392, -98.42611900344457, -0.6012697042917736, 7.7238750000000005, 1.8462612628936768
63.10168002000002, -199.11784859312607, 0.32750244249267946, 71.23549226494352, -41.325825629305385, 62.01175033335165, -97.60574693932199, -101.2729532891748, -0.2391483646293011, 7.720875, 1.8622932434082031
64.00994803200003, -193.23274814000993, 0.3275033393530139, 71.23544087863154, -41.32577944411454, 62.12031931796662, -86.70591415957813, -103.80187578549582, -2.724958194935965, 7.7238750000000005, 1.8781890869140625
64.00994803200003, -199.4973253369812, 0.3154435568156038, 71.9264155198707, -41.950117518417144, 62.31227806300402, -94.99760985444811, -106.57263940625057, 2.0729239237174966, 7.7238750000000005, 1.8789565563201904
64.81664358100002, -203.36567159286747, 0.30318469623896627, 72.62879649255134, -42.59143694612046, 62.614499103283656, -93.74583493861587, -109.30689292529354, -0.3129437289580608, 7.722, 1.8943989276885986
65.75171888800003, -203.88636936765508, 0.29041235417663963, 73.36059778722009, -43.266617769685936, 62.910473434521336, -91.30654679064071, -111.97000054002056, -0.6098220369937906, 7.72875, 1.9103269577026367
66.67025636700004, -202.06860580997557, 0.2816067923538305, 73.86511931590857, -43.73617069069625, 63.182134151179255, -86.33835538690244, -114.48820257213855, -1.2420478509345685, 7.725750000000001, 1.9262595176696777
66.67025636700004, -204.93495598838956, 0.27863843343364775, 74.03519375411506, -43.89519227506592, 63.182201798880385, -88.37924864538024, -117.06593065762878, 0.5102233146194521, 7.725750000000001, 1.9270260334014893
67.44412164600004, -206.90465697426148, 0.2672193322402375, 74.68946005833027, -44.51033401175955, 63.43395546075752, -86.94406094796273, -119.60179910194437, -0.3587969243543796, 7.726875000000001, 1.9422752857208252
68.29807173200004, -207.27954923386386, 0.25567915167788263, 75.3506636993721, -45.137359855524835, 63.645089272780055, -84.6311036084648, -122.07020629052458, -0.5782393348744819, 7.722375, 1.9582886695861816
69.10158632000004, -207.80781354384595, 0.24419739053295883, 76.00852015435353, -45.7664031196653, 63.838445156549916, -82.88320601224194, -124.48763313254831, -0.436974399055714, 7.7253750000000005, 1.974299430847168
69.78563391900005, -209.6050264183304, 0.23260055408469632, 76.67296993854247, -46.40683880608419, 64.0577051333718, -82.648032234509, -126.89820073938816, -0.058793444433234754, 7.726125000000001, 1.9902420043945312
70.64451961600005, -209.8651440435033, 0.2215145871797053, 77.30814905402015, -47.02367800252758, 64.27070887790495, -79.96355325624114, -129.2304710426952, -0.6711197445669654, 7.72125, 2.0063636302948
71.49840875400005, -209.51837428855373, 0.2103595194287668, 77.94728735633142, -47.648749099643545, 64.45922080321428, -77.38654322797635, -131.48757855351118, -0.6442525070661986, 7.726125000000001, 2.0222601890563965
72.20200846900006, -210.49827764027683, 0.19926089477349543, 78.5831917074783, -48.27485343026192, 64.6438771116556, -76.57419886173892, -133.72099268697855, -0.20308609155935642, 7.6875, 2.0383450984954834
72.96449419800008, -211.33827104892282, 0.18817496108917284, 79.2183689195519, -48.90424276162567, 64.80360000213055, -75.04649665862189, -135.9098488395217, -0.3819255507792576, 7.7175, 2.054269552230835
73.68450317900007, -212.36878923027075, 0.17705773352247672, 79.85533913901008, -49.53924014483867, 64.98586110250504, -74.05003152012011, -138.0696414255252, -0.249116284625444, 7.717125, 2.0704314708709717
74.59230507700006, -211.7493801940571, 0.16593641636603215, 80.4925436747008, -50.178119011719126, 65.15415625387031, -70.80286317240882, -140.13472493472045, -0.8117920869278237, 7.72125, 2.0863609313964844
75.43062136900006, -210.9949012429439, 0.1550528661637772, 81.11612516740875, -50.80668177280784, 65.31393399317567, -68.22604558090427, -142.1246512641635, -0.6442043978761376, 7.7235000000000005, 2.102367877960205
76.13398747100007, -211.56541437420105, 0.14422386488036426, 81.73658123729007, -51.43518596105529, 65.45719494686794, -67.23112519547999, -144.085559082365, -0.2487300963560699, 7.7246250000000005, 2.118360996246338
76.98393726500008, -211.20446369509773, 0.13325927313084027, 82.36480606862176, -52.07450455304335, 65.58901422847985, -64.57042564346017, -145.9688631636326, -0.6651748880049553, 7.722375, 2.134227752685547
77.75150491500008, -210.9710103439968, 0.12257230481976626, 82.97712424863636, -52.70029257501503, 65.72542653120354, -62.70743200363529, -147.79782993040527, -0.4657484099562197, 7.7235000000000005, 2.1503350734710693
78.43957030300008, -211.497919716869, 0.11212440478297056, 83.57574482551932, -53.3144295550307, 65.81869467668814, -61.63409427023089, -149.59549101328702, -0.2683344333511002, 7.7145, 2.166351556777954
79.33544958400009, -210.53008642590237, 0.10114971595110853, 84.20454817705438, -53.96182750753124, 65.9288784465578, -58.42918311665147, -151.29967552085603, -0.8012277883948542, 7.726875000000001, 2.1824300289154053
80.14326398800009, -209.61794800785125, 0.09043886452274558, 84.81823475889125, -54.59572441345247, 65.99868213021044, -56.09964925069397, -152.9359152906679, -0.5823834664893752, 7.7235000000000005, 2.198418140411377
80.77751900800008, -210.3686898412055, 0.07993483848060175, 85.42007111900159, -55.21915914927326, 66.08004447245571, -55.71062533201808, -154.56080852951845, -0.09725597966897226, 7.72725, 2.214322328567505
81.54271313900007, -210.3176088942456, 0.06952661523796634, 86.01641838303458, -55.83844932402078, 66.16044568935634, -53.684462928414064, -156.12660536493053, -0.5065406009010047, 7.7238750000000005, 2.2303569316864014
82.36996558800007, -208.9338926924959, 0.05964854080834117, 86.58239035756819, -56.42743740512242, 66.223599321248, -50.549097234817395, -157.60095403427934, -0.7838414233991671, 7.7246250000000005, 2.2463600635528564
83.02953639700007, -208.75493445141186, 0.04975985698843523, 87.14897020538811, -57.01809795772851, 66.27197266079465, -49.43320570065646, -159.04275586721516, -0.2789728835402343, 7.716375, 2.262359142303467
83.76610533600008, -208.32570457426237, 0.03987614002840203, 87.71526547309988, -57.60933155208484, 66.3127489441995, -47.389921645197546, -160.4249619152001, -0.510821013864728, 7.722375, 2.278299331665039
84.44399092600008, -205.16832977266256, 0.03556513863860918, 87.96226765821004, -57.86743997075319, 66.30165040072073, -42.21932078651946, -161.65635877147358, -1.2926502146695213, 7.7175, 2.294280529022217
84.44399092600008, -207.8856602208424, 0.03037846099504294, 88.25944239688125, -58.178132802321436, 66.33214013874452, -45.78541765057406, -162.99176678628197, 0.8915242160136501, 7.7175, 2.295051097869873
85.11523084300008, -208.9063625023252, 0.02091473834606982, 88.80167376314978, -58.745390068912485, 66.36493281897604, -44.23731504179642, -164.28202180833438, -0.38702565219441, 7.7235000000000005, 2.3103456497192383
85.85882408200007, -207.83444404774247, 0.011623522013917946, 89.3340212455251, -59.30263578671058, 66.4219118225757, -41.70236596230029, -165.49834081556813, -0.6337372698740324, 7.702875000000001, 2.326436758041382
86.66711388800006, -206.1313862509922, 0.0017827207422775964, 89.89785762541706, -59.89303692543252, 66.46890386102619, -38.76892484900401, -166.6291011236641, -0.7333602783240707, 7.711875, 2.3423213958740234
87.34042938700006, -205.29217068909256, -0.0076605079134391164, 90.43891477236663, -60.45961698906465, 66.511836341408, -37.18182462439887, -167.7135710085424, -0.3967750561512844, 7.717125, 2.3583335876464844
88.12865287400007, -203.89414453844353, -0.017524266279286212, 91.00406649686653, -61.05129456291669, 66.53570250761209, -34.50496347439753, -168.71996577654565, -0.6692152875003359, 7.7205, 2.374433755874634
88.86661159300006, -197.33140566064355, -0.017524258186086362, 91.00406603316033, -61.0512940775483, 66.53684347838502, -25.64945328192323, -169.46807483060175, -2.2138775481185746, 7.7238750000000005, 2.390366315841675
88.86661159300006, -200.97635313534306, -0.02706423901915033, 91.55066667153059, -61.6232599529014, 66.54347600796955, -32.20866094236641, -170.40749410808746, 1.6398019151107945, 7.7238750000000005, 2.3911476135253906
89.50941639900006, -202.62444136263915, -0.03654518852739215, 92.09388506412948, -62.19124853800885, 66.5447943222661, -31.013623981553053, -171.31205814088275, -0.29875924020333855, 7.726875000000001, 2.406355142593384
